advance,ad-fuckin-vance
amalgamated,amalga-fuckin-mated
anticipatory,antici-fuckin-patory
authentic,au-fuckin-thentic
autopsy,au-fuckin-topsy
awake,a-fuckin-wake
aware,a-fuckin-ware
bacteria,bac-fuckin-teria
bagatelle,baga-fuckin-telle
balloon,ba-fuckin-lloon
bambino,bam-fuckin-bino
banana,ba-fuckin-nana
banjo,ban-fuckin-jo
baptism,bap-fuckin-tism
barbarian,bar-fuckin-barian
barricade,barri-fuckin-cade
bazooka,ba-fuckin-zooka
beautician,beau-fuckin-tician
because,be-fuckin-cause
benzene,ben-fuckin-zene
berzerk,ber-fuckin-zerk
betrayal,be-fuckin-trayal
biennial,bi-fuckin-ennial
blaspheme,blas-fuckin-pheme
bohemian,bo-fuckin-hemian
bombastic,bom-fuckin-bastic
Cameroon,Came-fuckin-roon
cantankerous,can-fuckin-tankerous
career,ca-fuckin-reer
carousel,carou-fuckin-sel
cartoon,car-fuckin-toon
cascade,cas-fuckin-cade
caucasian,cau-fuckin-casian
causation,cau-fuckin-sation
chromatic,chro-fuckin-matic
cicada,ci-fuckin-cada
circadian,cir-fuckin-cadian
circumvent,circum-fuckin-vent
clairvoyant,clair-fuckin-voyant
clarinet,clari-fuckin-net
clientele,clien-fuckin-tele
climactic,cli-fuckin-mactic
coalesce,coa-fuckin-lesce
cocaine,co-fuckin-caine
combustion,com-fuckin-bustion
comedian,co-fuckin-median
compendium,com-fuckin-pendium
concurrent,con-fuckin-current
conditioner,con-fuckin-ditioner
conductress,con-fuckin-ductress
covert,co-fuckin-vert
cremation,cre-fuckin-mation
croquette,cro-fuckin-quette
curacao,cura-fuckin-sao
curmudgeon,cur-fuckin-mudgeon
cutaneous,cu-fuckin-taneous
dalmatian,dal-fuckin-matian
damnation,dam-fuckin-nation
decompose,decom-fuckin-pose
decrepit,de-fuckin-crepit
defence,de-fuckin-fence
defilement,de-fuckin-filement
degenerate,de-fuckin-generate
demonic,de-fuckin-monic
direction,di-fuckin-rection
disagree,disa-fuckin-gree
discredit,dis-fuckin-credit
disengage,disen-fuckin-gage
emancipator,emanci-fuckin-pator
enough,e-fuckin-nough
evaporate,e-fuckin-vaporate
everybody,every-fuckin-body
fantastic,fan-fuckin-tastic
forever,for-fuckin-ever
handicap,handi-fuckin-cap
Hawaii,Ha-fuckin-waii
hypocrite,hypo-fuckin-crite
important,im-fuckin-portant
independent,inde-fuckin-pendent
interdependent,inter-fuckin-dependent
intermission,inter-fuckin-mission
involved,in-fuckin-volved
irresponsible,irre-fuckin-sponsible
Kalamazoo,Kalama-fuckin-zoo
Kentucky,Ken-fuckin-tucky
kindergarten,kinder-fuckin-garten
metamorphosis,meta-fuckin-morphosis
monsoon,mon-fuckin-soon
monstrosity,mon-fuckin-strosity
Nebraska ,Ne-fuckin-braska
necromancy,necro-fuckin-mancy
omega,o-fuckin-mega
perhaps,per-fuckin-haps
potato,po-fuckin-tato
taboo,ta-fuckin-boo
taiphoon,tai-fuckin-phoon
together,to-fuckin-gether
tomato,to-fuckin-mato
unbelievable,un-fuckin-believable
yourself,your-fuckin-self