embraceable,em-fuckin-braceable
interruptible,inter-fuckin-ruptible
karelian,ka-fuckin-relian
flamboyance,flam-fuckin-boyance
conceit,con-fuckin-ceit
celesta,ce-fuckin-lesta
pretender,pre-fuckin-tender
catawba,ca-fuckin-tawba
interrogator,in-fuckin-terrogator
inflator,in-fuckin-flator
untold,un-fuckin-told
predict,pre-fuckin-dict
response,re-fuckin-sponse
tamoxifen,ta-fuckin-moxifen
guerilla,gue-fuckin-rilla
defective,de-fuckin-fective
research,re-fuckin-search
phonetic,pho-fuckin-netic
respondent,re-fuckin-spondent
aphrodite,aphro-fuckin-dite
expandable,ex-fuckin-pandable
depleting,de-fuckin-pleting
eroding,e-fuckin-roding
monolithic,mono-fuckin-lithic
unraveling,un-fuckin-raveling
unemployed,unem-fuckin-ployed
administrator,ad-fuckin-ministrator
chagrin,cha-fuckin-grin
idiomatic,idio-fuckin-matic
redundancy,re-fuckin-dundancy
revoking,re-fuckin-voking
unusually,un-fuckin-usually
marginalization,marginali-fuckin-zation
besieged,be-fuckin-sieged
conversationalist,conver-fuckin-sationalist
conservationist,conser-fuckin-vationist
entrap,en-fuckin-trap
confectionary,con-fuckin-fectionary
documentary,docu-fuckin-mentary
parquet,par-fuckin-quet
prosecution,prose-fuckin-cution
lampoon,lam-fuckin-poon
bombay,bom-fuckin-bay
cosponsor,co-fuckin-sponsor
ingenious,in-fuckin-genious
preclude,pre-fuckin-clude
uncaring,un-fuckin-caring
bilateral,bi-fuckin-lateral
voyeuristic,voyeur-fuckin-istic
judgmental,judg-fuckin-mental
lamentable,la-fuckin-mentable
pronounced,pro-fuckin-nounced
defensively,de-fuckin-fensively
semester,se-fuckin-mester
epistolary,e-fuckin-pistolary
phantasmagoria,phantasma-fuckin-goria
misled,mis-fuckin-led
procedurally,pro-fuckin-cedurally
compartmentalize,compart-fuckin-mentalize
contagiousness,con-fuckin-tagiousness
outgrew,out-fuckin-grew
disorganize,dis-fuckin-organize
impound,im-fuckin-pound
incompetence,in-fuckin-competence
admitting,ad-fuckin-mitting
install,in-fuckin-stall
grenoble,gre-fuckin-noble
uninviting,unin-fuckin-viting
comport,com-fuckin-port
opinionated,o-fuckin-pinionated
bemused,be-fuckin-mused
discolored,dis-fuckin-colored
incongruous,in-fuckin-congruous
imploring,im-fuckin-ploring
retraced,re-fuckin-traced
absolutist,abso-fuckin-lutist
herself,her-fuckin-self
maintain,main-fuckin-tain
ecuadorian,ecua-fuckin-dorian
removed,re-fuckin-moved
propulsion,pro-fuckin-pulsion
irrigation,irri-fuckin-gation
conceive,con-fuckin-ceive
indoctrination,indoctri-fuckin-nation
underpowered,under-fuckin-powered
enormity,e-fuckin-normity
annotation,anno-fuckin-tation
confer,con-fuckin-fer
exchange,ex-fuckin-change
definition,defi-fuckin-nition
remodeled,re-fuckin-modeled
aerobics,aer-fuckin-obics
jordanian,jor-fuckin-danian
inversion,in-fuckin-version
epiphany,e-fuckin-piphany
enamor,en-fuckin-amor
retrying,re-fuckin-trying
condenser,con-fuckin-denser
unrehearsed,unre-fuckin-hearsed
wahoo,wa-fuckin-hoo
confucian,con-fuckin-fucian
unhampered,un-fuckin-hampered
quantifiable,quanti-fuckin-fiable
sedated,se-fuckin-dated
amused,a-fuckin-mused
converge,con-fuckin-verge
intrastate,intra-fuckin-state
hypotension,hypo-fuckin-tension
belittle,be-fuckin-little
editorially,edi-fuckin-torially
panache,pa-fuckin-nache
gelatinous,ge-fuckin-latinous
unworried,un-fuckin-worried
solitaire,soli-fuckin-taire
elucidated,e-fuckin-lucidated
dictator,dic-fuckin-tator
unstated,un-fuckin-stated
distinguishing,dis-fuckin-tinguishing
inadvertent,inad-fuckin-vertent
predetermine,prede-fuckin-termine
surfactant,sur-fuckin-factant
alarming,a-fuckin-larming
profusely,pro-fuckin-fusely
englishmen,eng-fuckin-lishmen
unchanged,un-fuckin-changed
reversible,re-fuckin-versible
brontosaurus,bronto-fuckin-saurus
specific,spe-fuckin-cific
disproportionately,dispro-fuckin-portionately
inexorably,in-fuckin-exorably
inspector,in-fuckin-spector
spectacularly,spec-fuckin-tacularly
ashore,a-fuckin-shore
incognito,incog-fuckin-nito
recurrence,re-fuckin-currence
underscored,under-fuckin-scored
admitted,ad-fuckin-mitted
nevertheless,neverthe-fuckin-less
prolong,pro-fuckin-long
predicts,pre-fuckin-dicts
sensational,sen-fuckin-sational
defamatory,de-fuckin-famatory
divorcee,di-fuckin-vorcee
subsided,sub-fuckin-sided
osaka,o-fuckin-saka
unsold,un-fuckin-sold
upholding,up-fuckin-holding
reschedule,re-fuckin-schedule
percussionist,per-fuckin-cussionist
perplexed,per-fuckin-plexed
amazed,a-fuckin-mazed
militia,mi-fuckin-litia
solicitous,so-fuckin-licitous
segregationist,segre-fuckin-gationist
defeasance,de-fuckin-feasance
amassed,a-fuckin-massed
interfere,inter-fuckin-fere
reallocated,re-fuckin-allocated
gondolier,gondo-fuckin-lier
antifungal,anti-fuckin-fungal
extravagance,ex-fuckin-travagance
originality,origi-fuckin-nality
hermetically,her-fuckin-metically
uneducated,un-fuckin-educated
approximation,approxi-fuckin-mation
peroxide,per-fuckin-oxide
caboodle,ca-fuckin-boodle
pornography,por-fuckin-nography
delusional,de-fuckin-lusional
levitation,levi-fuckin-tation
revolutionist,revo-fuckin-lutionist
separation,sepa-fuckin-ration
replies,re-fuckin-plies
reuniting,reu-fuckin-niting
disturbingly,dis-fuckin-turbingly
progressive,pro-fuckin-gressive
detach,de-fuckin-tach
explore,ex-fuckin-plore
diagonal,di-fuckin-agonal
indulge,in-fuckin-dulge
synthetic,syn-fuckin-thetic
aficionados,aficio-fuckin-nados
virology,vi-fuckin-rology
enlighten,en-fuckin-lighten
resurfaced,re-fuckin-surfaced
alphonso,al-fuckin-phonso
disfigure,dis-fuckin-figure
deceptive,de-fuckin-ceptive
remembering,re-fuckin-membering
selenium,se-fuckin-lenium
radiology,radi-fuckin-ology
uninjured,un-fuckin-injured
methodological,methodo-fuckin-logical
guarantor,guaran-fuckin-tor
manufacturer,manu-fuckin-facturer
vicarious,vi-fuckin-carious
puristic,pu-fuckin-ristic
polemic,po-fuckin-lemic
negotiated,ne-fuckin-gotiated
eucalypti,euca-fuckin-lypti
